{
  "project_info": {
    "project_number": "624424816664",
    "firebase_url": "https://sweeto-7b127-default-rtdb.firebaseio.com",
    "project_id": "sweeto-7b127",
    "storage_bucket": "sweeto-7b127.appspot.com"
  },
  "client": [
    {
      "client_info": {
        "mobilesdk_app_id": "1:624424816664:android:63c39b7af7e98f5b7c336d",
        "android_client_info": {
          "package_name": "com.dialiax.sweeto"
        }
      },
      "oauth_client": [
        {
          "client_id": "624424816664-8l1v4iq3t6cb90b5i0glbuafnvdqn2q6.apps.googleusercontent.com",
          "client_type": 1,
          "android_info": {
            "package_name": "com.dialiax.sweeto",
            "certificate_hash": "5216c444465caa7c8ef994f1a48697a4c97ccb3c"
          }
        },
        {
          "client_id": "624424816664-gaf18a71gqne3b68khnkqdqoei7sjbrv.apps.googleusercontent.com",
          "client_type": 3
        }
      ],
      "api_key": [
        {
          "current_key": "AIzaSyA7veWmeW9rAU-633DGI8sVnMDlmVR44RQ"
        }
      ],
      "services": {
        "appinvite_service": {
          "other_platform_oauth_client": [
            {
              "client_id": "624424816664-gaf18a71gqne3b68khnkqdqoei7sjbrv.apps.googleusercontent.com",
              "client_type": 3
            }
          ]
        }
      }
    }
  ],
  "configuration_version": "1"
}